,x
1,PGC
2,CTSE
3,TFF2
4,SPINK1
5,TFF1
6,FABP6
7,COL10A1
8,ANXA10
9,ITLN1
10,AKR1B10
11,RSPH3
12,LGALS4
13,GPX2
14,VSIG2
15,DEFA5
16,COMP
17,GSTA1
18,SULT1B1
19,CDKN2B
20,VCAN
21,CXCL14
22,KLK10
23,PDLIM3
24,POSTN
25,CGREF1
26,PCP4
27,VSIG1
28,COL8A1
29,ELN
30,SFRP4
31,KANK4
32,THBS4
33,SULT1C2
34,ADH1C
35,MUC6
36,SSC5D
37,ITGBL1
38,CILP
39,THBS2
40,FABP4
41,MTUS2
42,MMP1
43,CLEC11A
44,CA2
45,A4GNT
46,SUGCT
47,COL8A2
48,CXCL5
49,ANKRD26
50,OMD
51,AKR1B15
52,APLF
53,MGP
54,PLXDC2
55,BAHCC1
56,PDGFD
57,PKIG
58,UBXN10
59,RTTN
60,RNASE1
61,HSPB7
62,ADH1B
63,BCAS1
64,HOPX
65,DUOX2
66,REG1A
67,TNFSF13
68,CTHRC1
69,PDGFA
70,SCARF2
71,THBS1
72,IL17D
73,TIMP3
74,FGF7
75,MFAP4
76,HEPH
77,PMP2
78,MFAP5
79,OLFM4
80,COL11A1
81,LTC4S
82,EFEMP2
83,TPPP
84,LRRC15
85,PRAP1
86,EFEMP1
87,MMP7
88,MMP23B
89,EVA1A
90,SPP1
91,ISLR
92,EBI3
93,TNFRSF6B
94,EPDR1
95,PSCA
96,LECT2
97,KLK6
98,EMILIN1
99,LBH
100,GREM1
101,IGSF10
102,C1QTNF3
103,PTGIS
104,ALDOB
105,MMP28
106,ALDH3A1
107,SFRP2
108,RFLNA
109,PRPH
110,SSX2IP
111,SYNM
112,TAGLN
113,SRPX2
114,GPX3
115,FBLN1
116,NTM
117,BICC1
118,AHNAK2
119,IGF1
120,FHL1
121,TREM2
122,STAP1
123,CORO2B
124,LOXL1
125,SPRR1B
126,AOC3
127,CILP2
128,MAMDC4
129,BGN
130,GPC6
131,C1QTNF5
132,MRGPRF
133,FBLN5
134,LTBP2
135,NEGR1
136,LYZ
137,DES
138,FRZB
139,RNF17
140,HTRA3
141,CNN1
142,GAS1
143,FBN1
144,SPACA3
145,NGFR
146,COL5A1
147,CEP120
148,PRELP
149,DPYSL3
150,SNED1
151,KRT16
152,CXCL12
153,ITIH1
154,MXRA8
155,PLAC9
156,RNF11
157,NDUFA11
158,APCS
159,PRRX1
160,TMEM119
161,CSRP1
162,FN1
163,PDLIM7
164,SORBS1
165,CA3
166,COL3A1
167,FMO1
168,ARMCX1
169,HTRA1
170,PLA2G2A
171,ASPN
172,PPP1R12B
173,PODN
174,CYBRD1
175,AKAP12
176,NDP
177,GSDMB
178,NEXN
179,SGCE
180,AEBP1
181,IGF2
182,ADAMTS16
183,MEGF6
184,SOD3
185,CCL19
186,MAGEA4
187,ADCY9
188,CLIC3
189,TESC
190,SRPX
191,ACTA2
192,SPARC
193,SGCD
194,FILIP1L
195,LUM
196,PCOLCE
197,ITGA11
198,PRICKLE2
199,IRAG1
200,LRP5
201,MPZ
202,CD6
203,FBLN2
204,SERPINE2
205,MSRB3
206,ENPP1
207,CALB1
208,ACTB
209,VIP
210,CCDC80
211,SPHK2
212,DDR2
213,CST6
214,PRKD1
215,CEBPE
216,RCN3
217,RERG
218,COL15A1
219,SCG2
220,SYNC
221,SYNPO2L
222,CCN2
223,CPXM2
224,STK17A
225,DKK3
226,PLD4
227,MXRA7
228,MFAP2
229,CYSTM1
230,MYL9
231,ADAMTS4
232,ERVK-21;HERVK_113
233,PODNL1
234,ABAT
235,LRP1
236,LEFTY2
237,SYNPR
238,INHBB
239,DACT2
240,COL16A1
241,VEGFB
242,RGN
243,WNT2
244,SPMAP2
245,CLMP
246,EDIL3
247,THBS3
248,CRYAB
249,SULF1
250,GASK1B
251,SPON1
252,CSF1R
253,RTN1
254,FIBIN
255,FABP3
256,MAP1LC3A
257,C11orf96
258,GFRA1
259,RBMS3
260,DPT
261,TYROBP
262,GPNMB
263,TGFB1I1
264,ADAMTS12
265,CRNN
266,RAB6B
267,LGALS1
268,CACNA1B
269,SDC2
270,HSPB6
271,INHBA
272,HPGD
273,ADAM12
274,TNS1
275,CCDC28A-AS1
276,LIN7B
277,SPOCK1
278,XDH
279,MIA
280,LOX
281,PGM5
282,ANG
283,SBSN
284,CPZ
285,SBSPON
286,SYNPO
287,CDH11
288,CYP1B1
289,HMGCS2
290,MMP2
291,CYP2S1
292,SALL3
293,TPSB2;TPSAB1
294,EEIG1
295,GAL3ST4
296,IGFBP7
297,SPRR3
298,MRC2
299,ICOSLG
300,FRMPD1
301,SYNPO2
302,TSPYL5
303,SMTN
304,LTBP3
305,METRNL
306,CES2
307,VGF
308,TCEAL5
309,CUL9
310,FXYD1
311,CYS1
312,PHLDB1
313,CRISPLD2
314,CNRIP1
315,CNTN1
316,CCDC74B
317,CSDC2
318,ADGRA2
319,GPRC5B
320,VSNL1
321,COL4A5
322,LINC00482
323,GGT5
324,ABI3BP
325,CPA3
326,OGN
327,CTSH
328,TSPAN8
329,CMA1
330,UCHL1
331,CHRD
332,DCN
333,PRNP
334,WNT2B
335,PLIN1
336,JAM3
337,GCNT3
338,GUCY1A1
339,UGT1A6
340,PDLIM4
341,HS3ST1
342,LTBP1
343,SARM1
344,COL1A1
345,PLSCR4
346,CDH13
347,NAALADL2
348,CALD1
349,CYTH3
350,ACTA1
351,SH3BGRL
352,CDHR2
353,PDGFRB
354,PRRX2
355,COPZ2
356,RAB23
357,MAP1LC3B2;MAP1LC3B
358,PPP1R14A
359,OLFML3
360,LDHD
361,MARVELD1
362,OR4D6
363,SERPINF1
364,SH3D19
365,IGFBP5
366,IL1RN
367,HSPA12A
368,OLFML2B
369,ALDH1A3
370,PALM
371,MAP1B
372,DIP2C
373,MUC5AC
374,COL2A1
375,THY1
376,GP2
377,RASL12
378,FAM3B
379,SGCB
380,KLK11
381,TAX1BP3
382,FHL3
383,DAB2
384,SMCO3
385,ANGPTL2
386,DCHS1
387,COL1A2
388,PDLIM2
389,PDIA2
390,ARMCX2
391,MBNL2
392,MEST
393,REX1BD
394,CDC42EP2
395,C1QTNF7
396,AMBP
397,CAV1
398,CACNA2D1
399,LMOD1
400,OAF
401,SCUBE3
402,HSPB2
403,PALLD
404,POTEKP
405,DYNLT3
406,SPP2
407,GATA6
408,CNTNAP1
409,SPRR1A
410,CD59
411,AMPH
412,FAP
413,MXRA5
414,AKR1C2
415,SLC9A4
416,SLC66A3
417,TNFAIP8L3
418,HYCC1
419,KANK2
420,FABP1
421,FAT4
422,MOXD1
423,PIK3IP1
424,DCLK1
425,IL4I1
426,UNKL
427,MMP11
428,C12orf50
429,PIWIL2
430,ADAMTSL3
431,SLIT2
432,ANTXR1
433,FKBP7
434,VMAC
435,POTEF
436,MUSTN1
437,TRPV2
438,LRRC17
439,CAV2
440,GFAP
441,CPQ
442,BORCS8
443,LRRC32
444,HELB
445,APOD
446,L3HYPDH
447,GLUD2
448,AXL
449,GALNT5
450,RNASE4
451,TIMP2
452,HRC
453,GPD1
454,HMCN1
455,CYGB
456,SYN1
457,GAS6
458,CD248
459,DPEP1
460,DPYS
461,WNT4
462,OGFRL1
463,COL5A2
464,ITGA8
465,GXYLT2
466,FGF2
467,CRYBB1
468,ITGA5
469,CCND1
470,EGR2
471,IGLV5-39
472,GPC1
473,ITIH3
474,ECM1
475,PDLIM5
476,HSPG2
477,CCN5
478,HSD17B14
479,PCDHGA12
480,NECAB3
481,CHGB
482,MYL3
483,KRT13
484,DTNA
485,HIC1
486,DMD
487,FOLR2
488,TSC22D3
489,SPDL1
490,NUP210
491,XRCC1
492,PIAS4
493,MB
494,PAX2
495,RBBP8NL
496,HOMEZ
497,SNUPN
498,EFNA1
499,HSP90AA1
500,ST14
501,ZNF268
502,ECE1
503,NSMCE4A
504,ENPP5
505,KLF4
506,RPA1
507,CDC123
508,BAZ1A
509,DNAJC12
510,PDS5B
511,CACNA1H
512,TSR1
513,GATB
514,NSMCE3
515,UBAP2
516,USP43
517,MITD1
518,HGF
519,PRPS2
520,DHX40
521,GRB7
522,ACAT2
523,SMARCA5
524,TADA2B
525,IGKV1-37;IGKV1D-37
526,SMC3
527,EXOSC10
528,CDY1B
529,YBEY
530,FIZ1
531,HOMER2
532,CENPU
533,HAUS6
534,RAD1
535,RBBP4
536,NCBP1
537,C2orf72
538,PDS5A
539,VPS13A
540,UPF3B
541,MTG2
542,RAD21L1
543,SMC1A
544,GEMIN8
545,HPRT1
546,ORC3
547,IQGAP3
548,PPP2R1B
549,RCC2
550,GON4L
551,CRIPT
552,NFATC2IP
553,RAC3
554,PHF6
555,EXOSC5
556,SIGIRR
557,KDM1A
558,TMCO1
559,OTUD5
560,TCEANC2
561,PMS2
562,CARNMT1
563,RNGTT
564,DEK
565,FHIP1A
566,HMGN5
567,PHACTR4
568,RNASEH1
569,MYB
570,DNMT3A
571,KCP
572,SMN2
573,FBP2
574,IFT52
575,KDM1B
576,HYDIN
577,KDM3A
578,PLPP2
579,PPAT
580,OTOG
581,POLE3
582,PRKDC
583,ATAD5
584,SULT2B1
585,SMCHD1
586,S100A2
587,CTR9
588,BBX
589,BLTP1
590,CTDSPL2
591,TMEM238
592,CITED4
593,TTC39B
594,B4GALT5
595,TFAP4
596,AK6
597,GRHL2
598,DTX2
599,ZNF629
600,CXCL1
601,ERCC6
602,GKAP1
603,GLMN
604,CHN1
605,DCK
606,ATXN7
607,TOE1
608,SURF2
609,CLN6
610,B4GALNT2
611,KAT2B
612,MOGAT2
613,IFITM1
614,CCNL1
615,THOC2
616,LIN9
617,RB1CC1
618,ACTMAP
619,EMC9
620,KLHDC4
621,TACC3
622,TBC1D21
623,GSTCD
624,PMF1
625,CERS2
626,SDHAF2
627,NAA40
628,SEMA4D
629,ANKRD52
630,DXO
631,RLF
632,EAF1
633,FANCI
634,H1-3
635,RAB3IP
636,KIFBP
637,ECD
638,GPN2
639,HERC5
640,KAT2A
641,IPO11
642,SSRP1
643,POLA1
644,ANKZF1
645,ZNF536
646,MYORG
647,CHST6
648,NOA1
649,MBD4
650,SCAP
651,MTHFD1L
652,ASNS
653,SLBP
654,CYP11A1
655,BCL2L11
656,ST6GAL1
657,PPP1R14C
658,IDH2
659,C5orf22
660,DHTKD1
661,RIF1
662,TMPO
663,BCL7A
664,NSL1
665,PRMT6
666,SLC24A1
667,PHLDA2
668,NVL
669,CSE1L
670,WNK2
671,MAP7
672,PLK1
673,SAAL1
674,GNLY
675,CXCL17
676,ERAL1
677,CHUK
678,PARP1
679,KRT71
680,UHRF2
681,CHD1
682,H1-5
683,PROSER1
684,RIMBP2
685,CRYM
686,OXCT1
687,MKI67
688,TMEM41A
689,IGF2BP3
690,TOP1
691,PSIP1
692,HMGB2
693,KLHL14
694,POLR3K
695,LNX1
696,APOBEC3B
697,GGH
698,PSPH
699,ING4
700,SMC5
701,TTK
702,ZNF24
703,CTSV
704,STRBP
705,USP28
706,HPDL
707,DTYMK
708,IGF2BP1
709,CHST5
710,CADM4
711,SLC16A3
712,CIP2A
713,ZBTB7B
714,CDKN1A
715,SHMT2
716,KNTC1
717,TG
718,ELF3
719,GPATCH11
720,GMPS
721,CRYBG1
722,CD96
723,F3
724,CDT1
725,CBX5
726,PHGDH
727,ITPRIPL2
728,FCGBP
729,INTS7
730,MED23
731,ASS1
732,PHF12
733,KIF23
734,PARD6A
735,ORC5
736,NPM2
737,SUPT16H
738,IPO9
739,TACSTD2
740,CDX2
741,POLE2
742,NSD2
743,MASTL
744,MDC1
745,PDCD7
746,MTHFD2
747,ARHGAP5
748,CHEK2
749,SLC7A5
750,AGTPBP1
751,MTHFD1
752,PATZ1
753,KATNIP
754,ALCAM
755,EEF1AKMT4
756,RRM2
757,CMSS1
758,FAM133B
759,TOP3A
760,UBR7
761,TUBE1
762,CDK4
763,POLE4
764,SMOC1
765,CELSR2
766,DYNLT2B
767,INCENP
768,SAP30
769,CALML5
770,PXMP2
771,AURKA
772,ULBP2
773,CASP2
774,PIGX
775,PRR36
776,PEG10
777,ANLN
778,DSN1
779,PAFAH1B3
780,RFX3
781,ESPN
782,SLC1A4
783,CA9
784,CBX2
785,RNF168
786,NUSAP1
787,TRAF4
788,DDB2
789,MUC16
790,EED
791,GNE
792,PM20D2
793,ERBB3
794,GGTLC1
795,TMEM9
796,CHAF1A
797,SMPDL3B
798,MLF1
799,NCAPG2
800,CDK2
801,PRODH
802,MCMBP
803,SIX4
804,RBBP7
805,POLD2
806,RFC1
807,PLEKHS1
808,ERCC6L
809,CLDN4
810,ECT2
811,MTMR4
812,POLE
813,REPIN1
814,CDCP1
815,IGLV3-21
816,ADAMDEC1
817,TFRC
818,HIRIP3
819,SERPINB3
820,MAD2L1
821,VRK1
822,MPZL2
823,DNAJC9
824,COCH
825,BSPRY
826,GRPEL2
827,CGAS
828,PTPRD
829,TIFA
830,SMC2
831,SLC7A1
832,STMN2
833,SLFN11
834,KRT17
835,SERPINB4
836,FOXA1
837,EPCAM
838,CA12
839,IRF7
840,RAD54L2
841,SLC34A2
842,KIF20A
843,TNFSF10
844,ZNF273
845,HMCES
846,HMGB3
847,ADGRA3
848,DNMT1
849,IDO1
850,SMC4
851,RAD51C
852,IMPA2
853,MSH2
854,SUZ12
855,HAUS4
856,ARG2
857,BRCA1
858,FIRRM
859,POLD1
860,KIF11
861,EBP
862,DYNC2I2
863,CLDN7
864,RAD51AP1
865,AFF1
866,FAM83D
867,ALOX15
868,SHMT1
869,SLC1A5
870,DLGAP5
871,DUT
872,WEE1
873,MIS12
874,POLD3
875,NCAPG
876,HBG2
877,AUTS2
878,RFC5
879,STMN1
880,H1-1
881,TCEA3
882,NCAPH2
883,KLHDC7B
884,PITX1
885,ACTR6
886,SIVA1
887,CD320
888,PTPN21
889,MGME1
890,ATAD2
891,VWA5B2
892,BUB1B
893,ELAPOR1
894,SLC27A2
895,SPC24
896,PSAT1
897,ASRGL1
898,CCNB1
899,TIPIN
900,CDC20
901,RFC2
902,MUC4
903,NASP
904,RFC3
905,SASS6
906,DSCC1
907,AURKB
908,CENPX
909,TONSL
910,RFC4
911,UNG
912,UBE2S
913,KIF4A
914,PRIM1
915,SKA3
916,PRIM2
917,ARID3B
918,FEN1
919,BIRC5
920,DHCR24
921,RMI2
922,HAUS7
923,PRC1
924,SPIN4
925,CDCA5
926,KIF4B
927,WFDC2
928,DHFR
929,TRIP13
930,PTPRF
931,CKS1B
932,CLDN3
933,MSH6
934,ASF1B
935,KPNA2
936,RRM1
937,TPX2
938,YBX2
939,CDCA8
940,TFAP2B
941,ZWINT
942,UBE2C
943,EHF
944,AQP5
945,ZWILCH
946,NCAPD2
947,CHAF1B
948,GMNN
949,PCNA
950,RACGAP1
951,CHTF18
952,DDX12P
953,SEPTIN3
954,RARRES1
955,TOP2A
956,CDK1
957,HAT1
958,POLA2
959,WRAP73
960,KIF22
961,CHTF8
962,WDR76
963,TK1
964,CKS2
965,LIG1
966,HELLS
967,KIFC1
968,CDCA3
969,GINS4
970,KIF2C
971,NCAPH
972,GINS2
973,MCM3
974,UBE2T
975,MCM5
976,MCM6
977,MCM4
978,GINS1
979,PCLAF
980,MCM7
981,PBK
982,MCM2
983,GINS3
984,UHRF1
985,CCNA2
986,CDKN2A
987,TYMS
988,CENPS
989,TIMELESS
